[
	{
		"countryList":[
			"AO",
			"DZ",
			"ET",
			"NG",
			"SO",
			"UG"
		],
		"region":"Africa"
	},
	{
		"countryList":[
			"AU"
		],
		"region":"ANZ"
	},
	{
		"countryList":[
			"BR"
		],
		"region":"Brazil"
	},
	{
		"countryList":[
			"CZ",
			"PL",
			"RU",
			"UA"
		],
		"region":"East"
	},
	{
		"countryList":[
			"HK",
			"KR"
		],
		"region":"HTK"
	},
	{
		"countryList":[
			"IN"
		],
		"region":"India"
	},
	{
		"countryList":[
			"ID"
		],
		"region":"Indonesia"
	},
	{
		"countryList":[
			"JP"
		],
		"region":"Japan"
	},
	{
		"countryList":[
			"CL",
			"PE"
		],
		"region":"LAS"
	},
	{
		"countryList":[
			"BH",
			"EG",
			"IR",
			"PK",
			"TR"
		],
		"region":"ME"
	},
	{
		"countryList":[
			"CA",
			"US"
		],
		"region":"North America"
	},
	{
		"countryList":[
			"CN"
		],
		"region":"PRC"
	},
	{
		"countryList":[
			"LA",
			"TH"
		],
		"region":"SEA"
	},
	{
		"countryList":[
			"AT",
			"BE",
			"DE",
			"ES",
			"FR",
			"GB",
			"IE",
			"NO",
			"PT",
			"SE"
		],
		"region":"WE"
	}
]